job_id,rerun_count,name,output_file_name,instantiation
911156,0,cpp-mpi,cpp-mpi__911156.out,gASVSQAAAAAAAAB9lCiMBGFyZ3OUjAgyNSAyNSAyNZSMDXNiYXRjaF9jb25maWeUfZQojAVub2Rlc5RLAYwPbnRhc2tzLXBlci1ub2RllEsCdXUu
911157,1,cpp-mpi,cpp-mpi__911157.out,gASVSQAAAAAAAAB9lCiMBGFyZ3OUjAgyNSAyNSAyNZSMDXNiYXRjaF9jb25maWeUfZQojAVub2Rlc5RLAYwPbnRhc2tzLXBlci1ub2RllEsCdXUu
911158,2,cpp-mpi,cpp-mpi__911158.out,gASVSQAAAAAAAAB9lCiMBGFyZ3OUjAgyNSAyNSAyNZSMDXNiYXRjaF9jb25maWeUfZQojAVub2Rlc5RLAYwPbnRhc2tzLXBlci1ub2RllEsCdXUu
911159,3,cpp-mpi,cpp-mpi__911159.out,gASVSQAAAAAAAAB9lCiMBGFyZ3OUjAgyNSAyNSAyNZSMDXNiYXRjaF9jb25maWeUfZQojAVub2Rlc5RLAYwPbnRhc2tzLXBlci1ub2RllEsCdXUu
911160,4,cpp-mpi,cpp-mpi__911160.out,gASVSQAAAAAAAAB9lCiMBGFyZ3OUjAgyNSAyNSAyNZSMDXNiYXRjaF9jb25maWeUfZQojAVub2Rlc5RLAYwPbnRhc2tzLXBlci1ub2RllEsCdXUu
911161,0,cpp-mpi,cpp-mpi__911161.out,gASVSQAAAAAAAAB9lCiMBGFyZ3OUjAgyNSAyNSAyNZSMDXNiYXRjaF9jb25maWeUfZQojAVub2Rlc5RLAowPbnRhc2tzLXBlci1ub2RllEsCdXUu
911162,1,cpp-mpi,cpp-mpi__911162.out,gASVSQAAAAAAAAB9lCiMBGFyZ3OUjAgyNSAyNSAyNZSMDXNiYXRjaF9jb25maWeUfZQojAVub2Rlc5RLAowPbnRhc2tzLXBlci1ub2RllEsCdXUu
911163,2,cpp-mpi,cpp-mpi__911163.out,gASVSQAAAAAAAAB9lCiMBGFyZ3OUjAgyNSAyNSAyNZSMDXNiYXRjaF9jb25maWeUfZQojAVub2Rlc5RLAowPbnRhc2tzLXBlci1ub2RllEsCdXUu
911164,3,cpp-mpi,cpp-mpi__911164.out,gASVSQAAAAAAAAB9lCiMBGFyZ3OUjAgyNSAyNSAyNZSMDXNiYXRjaF9jb25maWeUfZQojAVub2Rlc5RLAowPbnRhc2tzLXBlci1ub2RllEsCdXUu
911165,4,cpp-mpi,cpp-mpi__911165.out,gASVSQAAAAAAAAB9lCiMBGFyZ3OUjAgyNSAyNSAyNZSMDXNiYXRjaF9jb25maWeUfZQojAVub2Rlc5RLAowPbnRhc2tzLXBlci1ub2RllEsCdXUu
911166,0,cpp-mpi,cpp-mpi__911166.out,gASVSQAAAAAAAAB9lCiMBGFyZ3OUjAgyNSAyNSAyNZSMDXNiYXRjaF9jb25maWeUfZQojAVub2Rlc5RLBIwPbnRhc2tzLXBlci1ub2RllEsCdXUu
911167,1,cpp-mpi,cpp-mpi__911167.out,gASVSQAAAAAAAAB9lCiMBGFyZ3OUjAgyNSAyNSAyNZSMDXNiYXRjaF9jb25maWeUfZQojAVub2Rlc5RLBIwPbnRhc2tzLXBlci1ub2RllEsCdXUu
911168,2,cpp-mpi,cpp-mpi__911168.out,gASVSQAAAAAAAAB9lCiMBGFyZ3OUjAgyNSAyNSAyNZSMDXNiYXRjaF9jb25maWeUfZQojAVub2Rlc5RLBIwPbnRhc2tzLXBlci1ub2RllEsCdXUu
911169,3,cpp-mpi,cpp-mpi__911169.out,gASVSQAAAAAAAAB9lCiMBGFyZ3OUjAgyNSAyNSAyNZSMDXNiYXRjaF9jb25maWeUfZQojAVub2Rlc5RLBIwPbnRhc2tzLXBlci1ub2RllEsCdXUu
911170,4,cpp-mpi,cpp-mpi__911170.out,gASVSQAAAAAAAAB9lCiMBGFyZ3OUjAgyNSAyNSAyNZSMDXNiYXRjaF9jb25maWeUfZQojAVub2Rlc5RLBIwPbnRhc2tzLXBlci1ub2RllEsCdXUu
911171,0,cpp-mpi,cpp-mpi__911171.out,gASVSQAAAAAAAAB9lCiMBGFyZ3OUjAg1MCA1MCA1MJSMDXNiYXRjaF9jb25maWeUfZQojAVub2Rlc5RLAYwPbnRhc2tzLXBlci1ub2RllEsCdXUu
911172,1,cpp-mpi,cpp-mpi__911172.out,gASVSQAAAAAAAAB9lCiMBGFyZ3OUjAg1MCA1MCA1MJSMDXNiYXRjaF9jb25maWeUfZQojAVub2Rlc5RLAYwPbnRhc2tzLXBlci1ub2RllEsCdXUu
911173,2,cpp-mpi,cpp-mpi__911173.out,gASVSQAAAAAAAAB9lCiMBGFyZ3OUjAg1MCA1MCA1MJSMDXNiYXRjaF9jb25maWeUfZQojAVub2Rlc5RLAYwPbnRhc2tzLXBlci1ub2RllEsCdXUu
911174,3,cpp-mpi,cpp-mpi__911174.out,gASVSQAAAAAAAAB9lCiMBGFyZ3OUjAg1MCA1MCA1MJSMDXNiYXRjaF9jb25maWeUfZQojAVub2Rlc5RLAYwPbnRhc2tzLXBlci1ub2RllEsCdXUu
911175,4,cpp-mpi,cpp-mpi__911175.out,gASVSQAAAAAAAAB9lCiMBGFyZ3OUjAg1MCA1MCA1MJSMDXNiYXRjaF9jb25maWeUfZQojAVub2Rlc5RLAYwPbnRhc2tzLXBlci1ub2RllEsCdXUu
911176,0,cpp-mpi,cpp-mpi__911176.out,gASVSQAAAAAAAAB9lCiMBGFyZ3OUjAg1MCA1MCA1MJSMDXNiYXRjaF9jb25maWeUfZQojAVub2Rlc5RLAowPbnRhc2tzLXBlci1ub2RllEsCdXUu
911177,1,cpp-mpi,cpp-mpi__911177.out,gASVSQAAAAAAAAB9lCiMBGFyZ3OUjAg1MCA1MCA1MJSMDXNiYXRjaF9jb25maWeUfZQojAVub2Rlc5RLAowPbnRhc2tzLXBlci1ub2RllEsCdXUu
911178,2,cpp-mpi,cpp-mpi__911178.out,gASVSQAAAAAAAAB9lCiMBGFyZ3OUjAg1MCA1MCA1MJSMDXNiYXRjaF9jb25maWeUfZQojAVub2Rlc5RLAowPbnRhc2tzLXBlci1ub2RllEsCdXUu
911179,3,cpp-mpi,cpp-mpi__911179.out,gASVSQAAAAAAAAB9lCiMBGFyZ3OUjAg1MCA1MCA1MJSMDXNiYXRjaF9jb25maWeUfZQojAVub2Rlc5RLAowPbnRhc2tzLXBlci1ub2RllEsCdXUu
911180,4,cpp-mpi,cpp-mpi__911180.out,gASVSQAAAAAAAAB9lCiMBGFyZ3OUjAg1MCA1MCA1MJSMDXNiYXRjaF9jb25maWeUfZQojAVub2Rlc5RLAowPbnRhc2tzLXBlci1ub2RllEsCdXUu
911181,0,cpp-mpi,cpp-mpi__911181.out,gASVSQAAAAAAAAB9lCiMBGFyZ3OUjAg1MCA1MCA1MJSMDXNiYXRjaF9jb25maWeUfZQojAVub2Rlc5RLBIwPbnRhc2tzLXBlci1ub2RllEsCdXUu
911182,1,cpp-mpi,cpp-mpi__911182.out,gASVSQAAAAAAAAB9lCiMBGFyZ3OUjAg1MCA1MCA1MJSMDXNiYXRjaF9jb25maWeUfZQojAVub2Rlc5RLBIwPbnRhc2tzLXBlci1ub2RllEsCdXUu
911183,2,cpp-mpi,cpp-mpi__911183.out,gASVSQAAAAAAAAB9lCiMBGFyZ3OUjAg1MCA1MCA1MJSMDXNiYXRjaF9jb25maWeUfZQojAVub2Rlc5RLBIwPbnRhc2tzLXBlci1ub2RllEsCdXUu
911184,3,cpp-mpi,cpp-mpi__911184.out,gASVSQAAAAAAAAB9lCiMBGFyZ3OUjAg1MCA1MCA1MJSMDXNiYXRjaF9jb25maWeUfZQojAVub2Rlc5RLBIwPbnRhc2tzLXBlci1ub2RllEsCdXUu
911185,4,cpp-mpi,cpp-mpi__911185.out,gASVSQAAAAAAAAB9lCiMBGFyZ3OUjAg1MCA1MCA1MJSMDXNiYXRjaF9jb25maWeUfZQojAVub2Rlc5RLBIwPbnRhc2tzLXBlci1ub2RllEsCdXUu
911186,0,cpp-mpi,cpp-mpi__911186.out,gASVTAAAAAAAAAB9lCiMBGFyZ3OUjAsxMDAgMTAwIDEwMJSMDXNiYXRjaF9jb25maWeUfZQojAVub2Rlc5RLAYwPbnRhc2tzLXBlci1ub2RllEsCdXUu
911187,1,cpp-mpi,cpp-mpi__911187.out,gASVTAAAAAAAAAB9lCiMBGFyZ3OUjAsxMDAgMTAwIDEwMJSMDXNiYXRjaF9jb25maWeUfZQojAVub2Rlc5RLAYwPbnRhc2tzLXBlci1ub2RllEsCdXUu
911188,2,cpp-mpi,cpp-mpi__911188.out,gASVTAAAAAAAAAB9lCiMBGFyZ3OUjAsxMDAgMTAwIDEwMJSMDXNiYXRjaF9jb25maWeUfZQojAVub2Rlc5RLAYwPbnRhc2tzLXBlci1ub2RllEsCdXUu
911189,3,cpp-mpi,cpp-mpi__911189.out,gASVTAAAAAAAAAB9lCiMBGFyZ3OUjAsxMDAgMTAwIDEwMJSMDXNiYXRjaF9jb25maWeUfZQojAVub2Rlc5RLAYwPbnRhc2tzLXBlci1ub2RllEsCdXUu
911190,4,cpp-mpi,cpp-mpi__911190.out,gASVTAAAAAAAAAB9lCiMBGFyZ3OUjAsxMDAgMTAwIDEwMJSMDXNiYXRjaF9jb25maWeUfZQojAVub2Rlc5RLAYwPbnRhc2tzLXBlci1ub2RllEsCdXUu
911191,0,cpp-mpi,cpp-mpi__911191.out,gASVTAAAAAAAAAB9lCiMBGFyZ3OUjAsxMDAgMTAwIDEwMJSMDXNiYXRjaF9jb25maWeUfZQojAVub2Rlc5RLAowPbnRhc2tzLXBlci1ub2RllEsCdXUu
911192,1,cpp-mpi,cpp-mpi__911192.out,gASVTAAAAAAAAAB9lCiMBGFyZ3OUjAsxMDAgMTAwIDEwMJSMDXNiYXRjaF9jb25maWeUfZQojAVub2Rlc5RLAowPbnRhc2tzLXBlci1ub2RllEsCdXUu
911193,2,cpp-mpi,cpp-mpi__911193.out,gASVTAAAAAAAAAB9lCiMBGFyZ3OUjAsxMDAgMTAwIDEwMJSMDXNiYXRjaF9jb25maWeUfZQojAVub2Rlc5RLAowPbnRhc2tzLXBlci1ub2RllEsCdXUu
911194,3,cpp-mpi,cpp-mpi__911194.out,gASVTAAAAAAAAAB9lCiMBGFyZ3OUjAsxMDAgMTAwIDEwMJSMDXNiYXRjaF9jb25maWeUfZQojAVub2Rlc5RLAowPbnRhc2tzLXBlci1ub2RllEsCdXUu
911195,4,cpp-mpi,cpp-mpi__911195.out,gASVTAAAAAAAAAB9lCiMBGFyZ3OUjAsxMDAgMTAwIDEwMJSMDXNiYXRjaF9jb25maWeUfZQojAVub2Rlc5RLAowPbnRhc2tzLXBlci1ub2RllEsCdXUu
911196,0,cpp-mpi,cpp-mpi__911196.out,gASVTAAAAAAAAAB9lCiMBGFyZ3OUjAsxMDAgMTAwIDEwMJSMDXNiYXRjaF9jb25maWeUfZQojAVub2Rlc5RLBIwPbnRhc2tzLXBlci1ub2RllEsCdXUu
911197,1,cpp-mpi,cpp-mpi__911197.out,gASVTAAAAAAAAAB9lCiMBGFyZ3OUjAsxMDAgMTAwIDEwMJSMDXNiYXRjaF9jb25maWeUfZQojAVub2Rlc5RLBIwPbnRhc2tzLXBlci1ub2RllEsCdXUu
911198,2,cpp-mpi,cpp-mpi__911198.out,gASVTAAAAAAAAAB9lCiMBGFyZ3OUjAsxMDAgMTAwIDEwMJSMDXNiYXRjaF9jb25maWeUfZQojAVub2Rlc5RLBIwPbnRhc2tzLXBlci1ub2RllEsCdXUu
911199,3,cpp-mpi,cpp-mpi__911199.out,gASVTAAAAAAAAAB9lCiMBGFyZ3OUjAsxMDAgMTAwIDEwMJSMDXNiYXRjaF9jb25maWeUfZQojAVub2Rlc5RLBIwPbnRhc2tzLXBlci1ub2RllEsCdXUu
911200,4,cpp-mpi,cpp-mpi__911200.out,gASVTAAAAAAAAAB9lCiMBGFyZ3OUjAsxMDAgMTAwIDEwMJSMDXNiYXRjaF9jb25maWeUfZQojAVub2Rlc5RLBIwPbnRhc2tzLXBlci1ub2RllEsCdXUu
911201,0,cpp-mpi,cpp-mpi__911201.out,gASVTAAAAAAAAAB9lCiMBGFyZ3OUjAsxNTAgMTUwIDE1MJSMDXNiYXRjaF9jb25maWeUfZQojAVub2Rlc5RLAYwPbnRhc2tzLXBlci1ub2RllEsCdXUu
911202,1,cpp-mpi,cpp-mpi__911202.out,gASVTAAAAAAAAAB9lCiMBGFyZ3OUjAsxNTAgMTUwIDE1MJSMDXNiYXRjaF9jb25maWeUfZQojAVub2Rlc5RLAYwPbnRhc2tzLXBlci1ub2RllEsCdXUu
911203,2,cpp-mpi,cpp-mpi__911203.out,gASVTAAAAAAAAAB9lCiMBGFyZ3OUjAsxNTAgMTUwIDE1MJSMDXNiYXRjaF9jb25maWeUfZQojAVub2Rlc5RLAYwPbnRhc2tzLXBlci1ub2RllEsCdXUu
911204,3,cpp-mpi,cpp-mpi__911204.out,gASVTAAAAAAAAAB9lCiMBGFyZ3OUjAsxNTAgMTUwIDE1MJSMDXNiYXRjaF9jb25maWeUfZQojAVub2Rlc5RLAYwPbnRhc2tzLXBlci1ub2RllEsCdXUu
911205,4,cpp-mpi,cpp-mpi__911205.out,gASVTAAAAAAAAAB9lCiMBGFyZ3OUjAsxNTAgMTUwIDE1MJSMDXNiYXRjaF9jb25maWeUfZQojAVub2Rlc5RLAYwPbnRhc2tzLXBlci1ub2RllEsCdXUu
911206,0,cpp-mpi,cpp-mpi__911206.out,gASVTAAAAAAAAAB9lCiMBGFyZ3OUjAsxNTAgMTUwIDE1MJSMDXNiYXRjaF9jb25maWeUfZQojAVub2Rlc5RLAowPbnRhc2tzLXBlci1ub2RllEsCdXUu
911207,1,cpp-mpi,cpp-mpi__911207.out,gASVTAAAAAAAAAB9lCiMBGFyZ3OUjAsxNTAgMTUwIDE1MJSMDXNiYXRjaF9jb25maWeUfZQojAVub2Rlc5RLAowPbnRhc2tzLXBlci1ub2RllEsCdXUu
911208,2,cpp-mpi,cpp-mpi__911208.out,gASVTAAAAAAAAAB9lCiMBGFyZ3OUjAsxNTAgMTUwIDE1MJSMDXNiYXRjaF9jb25maWeUfZQojAVub2Rlc5RLAowPbnRhc2tzLXBlci1ub2RllEsCdXUu
911209,3,cpp-mpi,cpp-mpi__911209.out,gASVTAAAAAAAAAB9lCiMBGFyZ3OUjAsxNTAgMTUwIDE1MJSMDXNiYXRjaF9jb25maWeUfZQojAVub2Rlc5RLAowPbnRhc2tzLXBlci1ub2RllEsCdXUu
911210,4,cpp-mpi,cpp-mpi__911210.out,gASVTAAAAAAAAAB9lCiMBGFyZ3OUjAsxNTAgMTUwIDE1MJSMDXNiYXRjaF9jb25maWeUfZQojAVub2Rlc5RLAowPbnRhc2tzLXBlci1ub2RllEsCdXUu
911211,0,cpp-mpi,cpp-mpi__911211.out,gASVTAAAAAAAAAB9lCiMBGFyZ3OUjAsxNTAgMTUwIDE1MJSMDXNiYXRjaF9jb25maWeUfZQojAVub2Rlc5RLBIwPbnRhc2tzLXBlci1ub2RllEsCdXUu
911212,1,cpp-mpi,cpp-mpi__911212.out,gASVTAAAAAAAAAB9lCiMBGFyZ3OUjAsxNTAgMTUwIDE1MJSMDXNiYXRjaF9jb25maWeUfZQojAVub2Rlc5RLBIwPbnRhc2tzLXBlci1ub2RllEsCdXUu
911213,2,cpp-mpi,cpp-mpi__911213.out,gASVTAAAAAAAAAB9lCiMBGFyZ3OUjAsxNTAgMTUwIDE1MJSMDXNiYXRjaF9jb25maWeUfZQojAVub2Rlc5RLBIwPbnRhc2tzLXBlci1ub2RllEsCdXUu
911214,3,cpp-mpi,cpp-mpi__911214.out,gASVTAAAAAAAAAB9lCiMBGFyZ3OUjAsxNTAgMTUwIDE1MJSMDXNiYXRjaF9jb25maWeUfZQojAVub2Rlc5RLBIwPbnRhc2tzLXBlci1ub2RllEsCdXUu
911215,4,cpp-mpi,cpp-mpi__911215.out,gASVTAAAAAAAAAB9lCiMBGFyZ3OUjAsxNTAgMTUwIDE1MJSMDXNiYXRjaF9jb25maWeUfZQojAVub2Rlc5RLBIwPbnRhc2tzLXBlci1ub2RllEsCdXUu
911216,0,cpp-mpi,cpp-mpi__911216.out,gASVTAAAAAAAAAB9lCiMBGFyZ3OUjAsyMDAgMjAwIDIwMJSMDXNiYXRjaF9jb25maWeUfZQojAVub2Rlc5RLAYwPbnRhc2tzLXBlci1ub2RllEsCdXUu
911217,1,cpp-mpi,cpp-mpi__911217.out,gASVTAAAAAAAAAB9lCiMBGFyZ3OUjAsyMDAgMjAwIDIwMJSMDXNiYXRjaF9jb25maWeUfZQojAVub2Rlc5RLAYwPbnRhc2tzLXBlci1ub2RllEsCdXUu
911218,2,cpp-mpi,cpp-mpi__911218.out,gASVTAAAAAAAAAB9lCiMBGFyZ3OUjAsyMDAgMjAwIDIwMJSMDXNiYXRjaF9jb25maWeUfZQojAVub2Rlc5RLAYwPbnRhc2tzLXBlci1ub2RllEsCdXUu
911219,3,cpp-mpi,cpp-mpi__911219.out,gASVTAAAAAAAAAB9lCiMBGFyZ3OUjAsyMDAgMjAwIDIwMJSMDXNiYXRjaF9jb25maWeUfZQojAVub2Rlc5RLAYwPbnRhc2tzLXBlci1ub2RllEsCdXUu
911220,4,cpp-mpi,cpp-mpi__911220.out,gASVTAAAAAAAAAB9lCiMBGFyZ3OUjAsyMDAgMjAwIDIwMJSMDXNiYXRjaF9jb25maWeUfZQojAVub2Rlc5RLAYwPbnRhc2tzLXBlci1ub2RllEsCdXUu
911221,0,cpp-mpi,cpp-mpi__911221.out,gASVTAAAAAAAAAB9lCiMBGFyZ3OUjAsyMDAgMjAwIDIwMJSMDXNiYXRjaF9jb25maWeUfZQojAVub2Rlc5RLAowPbnRhc2tzLXBlci1ub2RllEsCdXUu
911222,1,cpp-mpi,cpp-mpi__911222.out,gASVTAAAAAAAAAB9lCiMBGFyZ3OUjAsyMDAgMjAwIDIwMJSMDXNiYXRjaF9jb25maWeUfZQojAVub2Rlc5RLAowPbnRhc2tzLXBlci1ub2RllEsCdXUu
911223,2,cpp-mpi,cpp-mpi__911223.out,gASVTAAAAAAAAAB9lCiMBGFyZ3OUjAsyMDAgMjAwIDIwMJSMDXNiYXRjaF9jb25maWeUfZQojAVub2Rlc5RLAowPbnRhc2tzLXBlci1ub2RllEsCdXUu
911224,3,cpp-mpi,cpp-mpi__911224.out,gASVTAAAAAAAAAB9lCiMBGFyZ3OUjAsyMDAgMjAwIDIwMJSMDXNiYXRjaF9jb25maWeUfZQojAVub2Rlc5RLAowPbnRhc2tzLXBlci1ub2RllEsCdXUu
911225,4,cpp-mpi,cpp-mpi__911225.out,gASVTAAAAAAAAAB9lCiMBGFyZ3OUjAsyMDAgMjAwIDIwMJSMDXNiYXRjaF9jb25maWeUfZQojAVub2Rlc5RLAowPbnRhc2tzLXBlci1ub2RllEsCdXUu
911226,0,cpp-mpi,cpp-mpi__911226.out,gASVTAAAAAAAAAB9lCiMBGFyZ3OUjAsyMDAgMjAwIDIwMJSMDXNiYXRjaF9jb25maWeUfZQojAVub2Rlc5RLBIwPbnRhc2tzLXBlci1ub2RllEsCdXUu
911227,1,cpp-mpi,cpp-mpi__911227.out,gASVTAAAAAAAAAB9lCiMBGFyZ3OUjAsyMDAgMjAwIDIwMJSMDXNiYXRjaF9jb25maWeUfZQojAVub2Rlc5RLBIwPbnRhc2tzLXBlci1ub2RllEsCdXUu
911228,2,cpp-mpi,cpp-mpi__911228.out,gASVTAAAAAAAAAB9lCiMBGFyZ3OUjAsyMDAgMjAwIDIwMJSMDXNiYXRjaF9jb25maWeUfZQojAVub2Rlc5RLBIwPbnRhc2tzLXBlci1ub2RllEsCdXUu
911229,3,cpp-mpi,cpp-mpi__911229.out,gASVTAAAAAAAAAB9lCiMBGFyZ3OUjAsyMDAgMjAwIDIwMJSMDXNiYXRjaF9jb25maWeUfZQojAVub2Rlc5RLBIwPbnRhc2tzLXBlci1ub2RllEsCdXUu
911230,4,cpp-mpi,cpp-mpi__911230.out,gASVTAAAAAAAAAB9lCiMBGFyZ3OUjAsyMDAgMjAwIDIwMJSMDXNiYXRjaF9jb25maWeUfZQojAVub2Rlc5RLBIwPbnRhc2tzLXBlci1ub2RllEsCdXUu
911231,0,cpp-mpi,cpp-mpi__911231.out,gASVTAAAAAAAAAB9lCiMBGFyZ3OUjAsyNTAgMjUwIDI1MJSMDXNiYXRjaF9jb25maWeUfZQojAVub2Rlc5RLAYwPbnRhc2tzLXBlci1ub2RllEsCdXUu
911232,1,cpp-mpi,cpp-mpi__911232.out,gASVTAAAAAAAAAB9lCiMBGFyZ3OUjAsyNTAgMjUwIDI1MJSMDXNiYXRjaF9jb25maWeUfZQojAVub2Rlc5RLAYwPbnRhc2tzLXBlci1ub2RllEsCdXUu
911233,2,cpp-mpi,cpp-mpi__911233.out,gASVTAAAAAAAAAB9lCiMBGFyZ3OUjAsyNTAgMjUwIDI1MJSMDXNiYXRjaF9jb25maWeUfZQojAVub2Rlc5RLAYwPbnRhc2tzLXBlci1ub2RllEsCdXUu
911234,3,cpp-mpi,cpp-mpi__911234.out,gASVTAAAAAAAAAB9lCiMBGFyZ3OUjAsyNTAgMjUwIDI1MJSMDXNiYXRjaF9jb25maWeUfZQojAVub2Rlc5RLAYwPbnRhc2tzLXBlci1ub2RllEsCdXUu
911235,4,cpp-mpi,cpp-mpi__911235.out,gASVTAAAAAAAAAB9lCiMBGFyZ3OUjAsyNTAgMjUwIDI1MJSMDXNiYXRjaF9jb25maWeUfZQojAVub2Rlc5RLAYwPbnRhc2tzLXBlci1ub2RllEsCdXUu
911236,0,cpp-mpi,cpp-mpi__911236.out,gASVTAAAAAAAAAB9lCiMBGFyZ3OUjAsyNTAgMjUwIDI1MJSMDXNiYXRjaF9jb25maWeUfZQojAVub2Rlc5RLAowPbnRhc2tzLXBlci1ub2RllEsCdXUu
911237,1,cpp-mpi,cpp-mpi__911237.out,gASVTAAAAAAAAAB9lCiMBGFyZ3OUjAsyNTAgMjUwIDI1MJSMDXNiYXRjaF9jb25maWeUfZQojAVub2Rlc5RLAowPbnRhc2tzLXBlci1ub2RllEsCdXUu
911238,2,cpp-mpi,cpp-mpi__911238.out,gASVTAAAAAAAAAB9lCiMBGFyZ3OUjAsyNTAgMjUwIDI1MJSMDXNiYXRjaF9jb25maWeUfZQojAVub2Rlc5RLAowPbnRhc2tzLXBlci1ub2RllEsCdXUu
911239,3,cpp-mpi,cpp-mpi__911239.out,gASVTAAAAAAAAAB9lCiMBGFyZ3OUjAsyNTAgMjUwIDI1MJSMDXNiYXRjaF9jb25maWeUfZQojAVub2Rlc5RLAowPbnRhc2tzLXBlci1ub2RllEsCdXUu
911240,4,cpp-mpi,cpp-mpi__911240.out,gASVTAAAAAAAAAB9lCiMBGFyZ3OUjAsyNTAgMjUwIDI1MJSMDXNiYXRjaF9jb25maWeUfZQojAVub2Rlc5RLAowPbnRhc2tzLXBlci1ub2RllEsCdXUu
911241,0,cpp-mpi,cpp-mpi__911241.out,gASVTAAAAAAAAAB9lCiMBGFyZ3OUjAsyNTAgMjUwIDI1MJSMDXNiYXRjaF9jb25maWeUfZQojAVub2Rlc5RLBIwPbnRhc2tzLXBlci1ub2RllEsCdXUu
911242,1,cpp-mpi,cpp-mpi__911242.out,gASVTAAAAAAAAAB9lCiMBGFyZ3OUjAsyNTAgMjUwIDI1MJSMDXNiYXRjaF9jb25maWeUfZQojAVub2Rlc5RLBIwPbnRhc2tzLXBlci1ub2RllEsCdXUu
911243,2,cpp-mpi,cpp-mpi__911243.out,gASVTAAAAAAAAAB9lCiMBGFyZ3OUjAsyNTAgMjUwIDI1MJSMDXNiYXRjaF9jb25maWeUfZQojAVub2Rlc5RLBIwPbnRhc2tzLXBlci1ub2RllEsCdXUu
911244,3,cpp-mpi,cpp-mpi__911244.out,gASVTAAAAAAAAAB9lCiMBGFyZ3OUjAsyNTAgMjUwIDI1MJSMDXNiYXRjaF9jb25maWeUfZQojAVub2Rlc5RLBIwPbnRhc2tzLXBlci1ub2RllEsCdXUu
911245,4,cpp-mpi,cpp-mpi__911245.out,gASVTAAAAAAAAAB9lCiMBGFyZ3OUjAsyNTAgMjUwIDI1MJSMDXNiYXRjaF9jb25maWeUfZQojAVub2Rlc5RLBIwPbnRhc2tzLXBlci1ub2RllEsCdXUu
911246,0,rust-mpi,rust-mpi__911246.out,gASVSQAAAAAAAAB9lCiMBGFyZ3OUjAgyNSAyNSAyNZSMDXNiYXRjaF9jb25maWeUfZQojAVub2Rlc5RLAYwPbnRhc2tzLXBlci1ub2RllEsCdXUu
911247,1,rust-mpi,rust-mpi__911247.out,gASVSQAAAAAAAAB9lCiMBGFyZ3OUjAgyNSAyNSAyNZSMDXNiYXRjaF9jb25maWeUfZQojAVub2Rlc5RLAYwPbnRhc2tzLXBlci1ub2RllEsCdXUu
911248,2,rust-mpi,rust-mpi__911248.out,gASVSQAAAAAAAAB9lCiMBGFyZ3OUjAgyNSAyNSAyNZSMDXNiYXRjaF9jb25maWeUfZQojAVub2Rlc5RLAYwPbnRhc2tzLXBlci1ub2RllEsCdXUu
911249,3,rust-mpi,rust-mpi__911249.out,gASVSQAAAAAAAAB9lCiMBGFyZ3OUjAgyNSAyNSAyNZSMDXNiYXRjaF9jb25maWeUfZQojAVub2Rlc5RLAYwPbnRhc2tzLXBlci1ub2RllEsCdXUu
911250,4,rust-mpi,rust-mpi__911250.out,gASVSQAAAAAAAAB9lCiMBGFyZ3OUjAgyNSAyNSAyNZSMDXNiYXRjaF9jb25maWeUfZQojAVub2Rlc5RLAYwPbnRhc2tzLXBlci1ub2RllEsCdXUu
911251,0,rust-mpi,rust-mpi__911251.out,gASVSQAAAAAAAAB9lCiMBGFyZ3OUjAgyNSAyNSAyNZSMDXNiYXRjaF9jb25maWeUfZQojAVub2Rlc5RLAowPbnRhc2tzLXBlci1ub2RllEsCdXUu
911252,1,rust-mpi,rust-mpi__911252.out,gASVSQAAAAAAAAB9lCiMBGFyZ3OUjAgyNSAyNSAyNZSMDXNiYXRjaF9jb25maWeUfZQojAVub2Rlc5RLAowPbnRhc2tzLXBlci1ub2RllEsCdXUu
911253,2,rust-mpi,rust-mpi__911253.out,gASVSQAAAAAAAAB9lCiMBGFyZ3OUjAgyNSAyNSAyNZSMDXNiYXRjaF9jb25maWeUfZQojAVub2Rlc5RLAowPbnRhc2tzLXBlci1ub2RllEsCdXUu
911254,3,rust-mpi,rust-mpi__911254.out,gASVSQAAAAAAAAB9lCiMBGFyZ3OUjAgyNSAyNSAyNZSMDXNiYXRjaF9jb25maWeUfZQojAVub2Rlc5RLAowPbnRhc2tzLXBlci1ub2RllEsCdXUu
911255,4,rust-mpi,rust-mpi__911255.out,gASVSQAAAAAAAAB9lCiMBGFyZ3OUjAgyNSAyNSAyNZSMDXNiYXRjaF9jb25maWeUfZQojAVub2Rlc5RLAowPbnRhc2tzLXBlci1ub2RllEsCdXUu
911256,0,rust-mpi,rust-mpi__911256.out,gASVSQAAAAAAAAB9lCiMBGFyZ3OUjAgyNSAyNSAyNZSMDXNiYXRjaF9jb25maWeUfZQojAVub2Rlc5RLBIwPbnRhc2tzLXBlci1ub2RllEsCdXUu
911257,1,rust-mpi,rust-mpi__911257.out,gASVSQAAAAAAAAB9lCiMBGFyZ3OUjAgyNSAyNSAyNZSMDXNiYXRjaF9jb25maWeUfZQojAVub2Rlc5RLBIwPbnRhc2tzLXBlci1ub2RllEsCdXUu
911258,2,rust-mpi,rust-mpi__911258.out,gASVSQAAAAAAAAB9lCiMBGFyZ3OUjAgyNSAyNSAyNZSMDXNiYXRjaF9jb25maWeUfZQojAVub2Rlc5RLBIwPbnRhc2tzLXBlci1ub2RllEsCdXUu
911259,3,rust-mpi,rust-mpi__911259.out,gASVSQAAAAAAAAB9lCiMBGFyZ3OUjAgyNSAyNSAyNZSMDXNiYXRjaF9jb25maWeUfZQojAVub2Rlc5RLBIwPbnRhc2tzLXBlci1ub2RllEsCdXUu
911260,4,rust-mpi,rust-mpi__911260.out,gASVSQAAAAAAAAB9lCiMBGFyZ3OUjAgyNSAyNSAyNZSMDXNiYXRjaF9jb25maWeUfZQojAVub2Rlc5RLBIwPbnRhc2tzLXBlci1ub2RllEsCdXUu
911261,0,rust-mpi,rust-mpi__911261.out,gASVSQAAAAAAAAB9lCiMBGFyZ3OUjAg1MCA1MCA1MJSMDXNiYXRjaF9jb25maWeUfZQojAVub2Rlc5RLAYwPbnRhc2tzLXBlci1ub2RllEsCdXUu
911262,1,rust-mpi,rust-mpi__911262.out,gASVSQAAAAAAAAB9lCiMBGFyZ3OUjAg1MCA1MCA1MJSMDXNiYXRjaF9jb25maWeUfZQojAVub2Rlc5RLAYwPbnRhc2tzLXBlci1ub2RllEsCdXUu
911263,2,rust-mpi,rust-mpi__911263.out,gASVSQAAAAAAAAB9lCiMBGFyZ3OUjAg1MCA1MCA1MJSMDXNiYXRjaF9jb25maWeUfZQojAVub2Rlc5RLAYwPbnRhc2tzLXBlci1ub2RllEsCdXUu
911264,3,rust-mpi,rust-mpi__911264.out,gASVSQAAAAAAAAB9lCiMBGFyZ3OUjAg1MCA1MCA1MJSMDXNiYXRjaF9jb25maWeUfZQojAVub2Rlc5RLAYwPbnRhc2tzLXBlci1ub2RllEsCdXUu
911265,4,rust-mpi,rust-mpi__911265.out,gASVSQAAAAAAAAB9lCiMBGFyZ3OUjAg1MCA1MCA1MJSMDXNiYXRjaF9jb25maWeUfZQojAVub2Rlc5RLAYwPbnRhc2tzLXBlci1ub2RllEsCdXUu
911266,0,rust-mpi,rust-mpi__911266.out,gASVSQAAAAAAAAB9lCiMBGFyZ3OUjAg1MCA1MCA1MJSMDXNiYXRjaF9jb25maWeUfZQojAVub2Rlc5RLAowPbnRhc2tzLXBlci1ub2RllEsCdXUu
911267,1,rust-mpi,rust-mpi__911267.out,gASVSQAAAAAAAAB9lCiMBGFyZ3OUjAg1MCA1MCA1MJSMDXNiYXRjaF9jb25maWeUfZQojAVub2Rlc5RLAowPbnRhc2tzLXBlci1ub2RllEsCdXUu
911268,2,rust-mpi,rust-mpi__911268.out,gASVSQAAAAAAAAB9lCiMBGFyZ3OUjAg1MCA1MCA1MJSMDXNiYXRjaF9jb25maWeUfZQojAVub2Rlc5RLAowPbnRhc2tzLXBlci1ub2RllEsCdXUu
911269,3,rust-mpi,rust-mpi__911269.out,gASVSQAAAAAAAAB9lCiMBGFyZ3OUjAg1MCA1MCA1MJSMDXNiYXRjaF9jb25maWeUfZQojAVub2Rlc5RLAowPbnRhc2tzLXBlci1ub2RllEsCdXUu
911270,4,rust-mpi,rust-mpi__911270.out,gASVSQAAAAAAAAB9lCiMBGFyZ3OUjAg1MCA1MCA1MJSMDXNiYXRjaF9jb25maWeUfZQojAVub2Rlc5RLAowPbnRhc2tzLXBlci1ub2RllEsCdXUu
911271,0,rust-mpi,rust-mpi__911271.out,gASVSQAAAAAAAAB9lCiMBGFyZ3OUjAg1MCA1MCA1MJSMDXNiYXRjaF9jb25maWeUfZQojAVub2Rlc5RLBIwPbnRhc2tzLXBlci1ub2RllEsCdXUu
911272,1,rust-mpi,rust-mpi__911272.out,gASVSQAAAAAAAAB9lCiMBGFyZ3OUjAg1MCA1MCA1MJSMDXNiYXRjaF9jb25maWeUfZQojAVub2Rlc5RLBIwPbnRhc2tzLXBlci1ub2RllEsCdXUu
911273,2,rust-mpi,rust-mpi__911273.out,gASVSQAAAAAAAAB9lCiMBGFyZ3OUjAg1MCA1MCA1MJSMDXNiYXRjaF9jb25maWeUfZQojAVub2Rlc5RLBIwPbnRhc2tzLXBlci1ub2RllEsCdXUu
911274,3,rust-mpi,rust-mpi__911274.out,gASVSQAAAAAAAAB9lCiMBGFyZ3OUjAg1MCA1MCA1MJSMDXNiYXRjaF9jb25maWeUfZQojAVub2Rlc5RLBIwPbnRhc2tzLXBlci1ub2RllEsCdXUu
911275,4,rust-mpi,rust-mpi__911275.out,gASVSQAAAAAAAAB9lCiMBGFyZ3OUjAg1MCA1MCA1MJSMDXNiYXRjaF9jb25maWeUfZQojAVub2Rlc5RLBIwPbnRhc2tzLXBlci1ub2RllEsCdXUu
911276,0,rust-mpi,rust-mpi__911276.out,gASVTAAAAAAAAAB9lCiMBGFyZ3OUjAsxMDAgMTAwIDEwMJSMDXNiYXRjaF9jb25maWeUfZQojAVub2Rlc5RLAYwPbnRhc2tzLXBlci1ub2RllEsCdXUu
911277,1,rust-mpi,rust-mpi__911277.out,gASVTAAAAAAAAAB9lCiMBGFyZ3OUjAsxMDAgMTAwIDEwMJSMDXNiYXRjaF9jb25maWeUfZQojAVub2Rlc5RLAYwPbnRhc2tzLXBlci1ub2RllEsCdXUu
911278,2,rust-mpi,rust-mpi__911278.out,gASVTAAAAAAAAAB9lCiMBGFyZ3OUjAsxMDAgMTAwIDEwMJSMDXNiYXRjaF9jb25maWeUfZQojAVub2Rlc5RLAYwPbnRhc2tzLXBlci1ub2RllEsCdXUu
911279,3,rust-mpi,rust-mpi__911279.out,gASVTAAAAAAAAAB9lCiMBGFyZ3OUjAsxMDAgMTAwIDEwMJSMDXNiYXRjaF9jb25maWeUfZQojAVub2Rlc5RLAYwPbnRhc2tzLXBlci1ub2RllEsCdXUu
911280,4,rust-mpi,rust-mpi__911280.out,gASVTAAAAAAAAAB9lCiMBGFyZ3OUjAsxMDAgMTAwIDEwMJSMDXNiYXRjaF9jb25maWeUfZQojAVub2Rlc5RLAYwPbnRhc2tzLXBlci1ub2RllEsCdXUu
911281,0,rust-mpi,rust-mpi__911281.out,gASVTAAAAAAAAAB9lCiMBGFyZ3OUjAsxMDAgMTAwIDEwMJSMDXNiYXRjaF9jb25maWeUfZQojAVub2Rlc5RLAowPbnRhc2tzLXBlci1ub2RllEsCdXUu
911282,1,rust-mpi,rust-mpi__911282.out,gASVTAAAAAAAAAB9lCiMBGFyZ3OUjAsxMDAgMTAwIDEwMJSMDXNiYXRjaF9jb25maWeUfZQojAVub2Rlc5RLAowPbnRhc2tzLXBlci1ub2RllEsCdXUu
911283,2,rust-mpi,rust-mpi__911283.out,gASVTAAAAAAAAAB9lCiMBGFyZ3OUjAsxMDAgMTAwIDEwMJSMDXNiYXRjaF9jb25maWeUfZQojAVub2Rlc5RLAowPbnRhc2tzLXBlci1ub2RllEsCdXUu
911284,3,rust-mpi,rust-mpi__911284.out,gASVTAAAAAAAAAB9lCiMBGFyZ3OUjAsxMDAgMTAwIDEwMJSMDXNiYXRjaF9jb25maWeUfZQojAVub2Rlc5RLAowPbnRhc2tzLXBlci1ub2RllEsCdXUu
911285,4,rust-mpi,rust-mpi__911285.out,gASVTAAAAAAAAAB9lCiMBGFyZ3OUjAsxMDAgMTAwIDEwMJSMDXNiYXRjaF9jb25maWeUfZQojAVub2Rlc5RLAowPbnRhc2tzLXBlci1ub2RllEsCdXUu
911286,0,rust-mpi,rust-mpi__911286.out,gASVTAAAAAAAAAB9lCiMBGFyZ3OUjAsxMDAgMTAwIDEwMJSMDXNiYXRjaF9jb25maWeUfZQojAVub2Rlc5RLBIwPbnRhc2tzLXBlci1ub2RllEsCdXUu
911287,1,rust-mpi,rust-mpi__911287.out,gASVTAAAAAAAAAB9lCiMBGFyZ3OUjAsxMDAgMTAwIDEwMJSMDXNiYXRjaF9jb25maWeUfZQojAVub2Rlc5RLBIwPbnRhc2tzLXBlci1ub2RllEsCdXUu
911288,2,rust-mpi,rust-mpi__911288.out,gASVTAAAAAAAAAB9lCiMBGFyZ3OUjAsxMDAgMTAwIDEwMJSMDXNiYXRjaF9jb25maWeUfZQojAVub2Rlc5RLBIwPbnRhc2tzLXBlci1ub2RllEsCdXUu
911289,3,rust-mpi,rust-mpi__911289.out,gASVTAAAAAAAAAB9lCiMBGFyZ3OUjAsxMDAgMTAwIDEwMJSMDXNiYXRjaF9jb25maWeUfZQojAVub2Rlc5RLBIwPbnRhc2tzLXBlci1ub2RllEsCdXUu
911290,4,rust-mpi,rust-mpi__911290.out,gASVTAAAAAAAAAB9lCiMBGFyZ3OUjAsxMDAgMTAwIDEwMJSMDXNiYXRjaF9jb25maWeUfZQojAVub2Rlc5RLBIwPbnRhc2tzLXBlci1ub2RllEsCdXUu
911291,0,rust-mpi,rust-mpi__911291.out,gASVTAAAAAAAAAB9lCiMBGFyZ3OUjAsxNTAgMTUwIDE1MJSMDXNiYXRjaF9jb25maWeUfZQojAVub2Rlc5RLAYwPbnRhc2tzLXBlci1ub2RllEsCdXUu
911292,1,rust-mpi,rust-mpi__911292.out,gASVTAAAAAAAAAB9lCiMBGFyZ3OUjAsxNTAgMTUwIDE1MJSMDXNiYXRjaF9jb25maWeUfZQojAVub2Rlc5RLAYwPbnRhc2tzLXBlci1ub2RllEsCdXUu
911293,2,rust-mpi,rust-mpi__911293.out,gASVTAAAAAAAAAB9lCiMBGFyZ3OUjAsxNTAgMTUwIDE1MJSMDXNiYXRjaF9jb25maWeUfZQojAVub2Rlc5RLAYwPbnRhc2tzLXBlci1ub2RllEsCdXUu
911294,3,rust-mpi,rust-mpi__911294.out,gASVTAAAAAAAAAB9lCiMBGFyZ3OUjAsxNTAgMTUwIDE1MJSMDXNiYXRjaF9jb25maWeUfZQojAVub2Rlc5RLAYwPbnRhc2tzLXBlci1ub2RllEsCdXUu
911295,4,rust-mpi,rust-mpi__911295.out,gASVTAAAAAAAAAB9lCiMBGFyZ3OUjAsxNTAgMTUwIDE1MJSMDXNiYXRjaF9jb25maWeUfZQojAVub2Rlc5RLAYwPbnRhc2tzLXBlci1ub2RllEsCdXUu
911296,0,rust-mpi,rust-mpi__911296.out,gASVTAAAAAAAAAB9lCiMBGFyZ3OUjAsxNTAgMTUwIDE1MJSMDXNiYXRjaF9jb25maWeUfZQojAVub2Rlc5RLAowPbnRhc2tzLXBlci1ub2RllEsCdXUu
911297,1,rust-mpi,rust-mpi__911297.out,gASVTAAAAAAAAAB9lCiMBGFyZ3OUjAsxNTAgMTUwIDE1MJSMDXNiYXRjaF9jb25maWeUfZQojAVub2Rlc5RLAowPbnRhc2tzLXBlci1ub2RllEsCdXUu
911298,2,rust-mpi,rust-mpi__911298.out,gASVTAAAAAAAAAB9lCiMBGFyZ3OUjAsxNTAgMTUwIDE1MJSMDXNiYXRjaF9jb25maWeUfZQojAVub2Rlc5RLAowPbnRhc2tzLXBlci1ub2RllEsCdXUu
911299,3,rust-mpi,rust-mpi__911299.out,gASVTAAAAAAAAAB9lCiMBGFyZ3OUjAsxNTAgMTUwIDE1MJSMDXNiYXRjaF9jb25maWeUfZQojAVub2Rlc5RLAowPbnRhc2tzLXBlci1ub2RllEsCdXUu
911300,4,rust-mpi,rust-mpi__911300.out,gASVTAAAAAAAAAB9lCiMBGFyZ3OUjAsxNTAgMTUwIDE1MJSMDXNiYXRjaF9jb25maWeUfZQojAVub2Rlc5RLAowPbnRhc2tzLXBlci1ub2RllEsCdXUu
911301,0,rust-mpi,rust-mpi__911301.out,gASVTAAAAAAAAAB9lCiMBGFyZ3OUjAsxNTAgMTUwIDE1MJSMDXNiYXRjaF9jb25maWeUfZQojAVub2Rlc5RLBIwPbnRhc2tzLXBlci1ub2RllEsCdXUu
911302,1,rust-mpi,rust-mpi__911302.out,gASVTAAAAAAAAAB9lCiMBGFyZ3OUjAsxNTAgMTUwIDE1MJSMDXNiYXRjaF9jb25maWeUfZQojAVub2Rlc5RLBIwPbnRhc2tzLXBlci1ub2RllEsCdXUu
911303,2,rust-mpi,rust-mpi__911303.out,gASVTAAAAAAAAAB9lCiMBGFyZ3OUjAsxNTAgMTUwIDE1MJSMDXNiYXRjaF9jb25maWeUfZQojAVub2Rlc5RLBIwPbnRhc2tzLXBlci1ub2RllEsCdXUu
911304,3,rust-mpi,rust-mpi__911304.out,gASVTAAAAAAAAAB9lCiMBGFyZ3OUjAsxNTAgMTUwIDE1MJSMDXNiYXRjaF9jb25maWeUfZQojAVub2Rlc5RLBIwPbnRhc2tzLXBlci1ub2RllEsCdXUu
911305,4,rust-mpi,rust-mpi__911305.out,gASVTAAAAAAAAAB9lCiMBGFyZ3OUjAsxNTAgMTUwIDE1MJSMDXNiYXRjaF9jb25maWeUfZQojAVub2Rlc5RLBIwPbnRhc2tzLXBlci1ub2RllEsCdXUu
911306,0,rust-mpi,rust-mpi__911306.out,gASVTAAAAAAAAAB9lCiMBGFyZ3OUjAsyMDAgMjAwIDIwMJSMDXNiYXRjaF9jb25maWeUfZQojAVub2Rlc5RLAYwPbnRhc2tzLXBlci1ub2RllEsCdXUu
911307,1,rust-mpi,rust-mpi__911307.out,gASVTAAAAAAAAAB9lCiMBGFyZ3OUjAsyMDAgMjAwIDIwMJSMDXNiYXRjaF9jb25maWeUfZQojAVub2Rlc5RLAYwPbnRhc2tzLXBlci1ub2RllEsCdXUu
911308,2,rust-mpi,rust-mpi__911308.out,gASVTAAAAAAAAAB9lCiMBGFyZ3OUjAsyMDAgMjAwIDIwMJSMDXNiYXRjaF9jb25maWeUfZQojAVub2Rlc5RLAYwPbnRhc2tzLXBlci1ub2RllEsCdXUu
911309,3,rust-mpi,rust-mpi__911309.out,gASVTAAAAAAAAAB9lCiMBGFyZ3OUjAsyMDAgMjAwIDIwMJSMDXNiYXRjaF9jb25maWeUfZQojAVub2Rlc5RLAYwPbnRhc2tzLXBlci1ub2RllEsCdXUu
911310,4,rust-mpi,rust-mpi__911310.out,gASVTAAAAAAAAAB9lCiMBGFyZ3OUjAsyMDAgMjAwIDIwMJSMDXNiYXRjaF9jb25maWeUfZQojAVub2Rlc5RLAYwPbnRhc2tzLXBlci1ub2RllEsCdXUu
911311,0,rust-mpi,rust-mpi__911311.out,gASVTAAAAAAAAAB9lCiMBGFyZ3OUjAsyMDAgMjAwIDIwMJSMDXNiYXRjaF9jb25maWeUfZQojAVub2Rlc5RLAowPbnRhc2tzLXBlci1ub2RllEsCdXUu
911312,1,rust-mpi,rust-mpi__911312.out,gASVTAAAAAAAAAB9lCiMBGFyZ3OUjAsyMDAgMjAwIDIwMJSMDXNiYXRjaF9jb25maWeUfZQojAVub2Rlc5RLAowPbnRhc2tzLXBlci1ub2RllEsCdXUu
911313,2,rust-mpi,rust-mpi__911313.out,gASVTAAAAAAAAAB9lCiMBGFyZ3OUjAsyMDAgMjAwIDIwMJSMDXNiYXRjaF9jb25maWeUfZQojAVub2Rlc5RLAowPbnRhc2tzLXBlci1ub2RllEsCdXUu
911314,3,rust-mpi,rust-mpi__911314.out,gASVTAAAAAAAAAB9lCiMBGFyZ3OUjAsyMDAgMjAwIDIwMJSMDXNiYXRjaF9jb25maWeUfZQojAVub2Rlc5RLAowPbnRhc2tzLXBlci1ub2RllEsCdXUu
911315,4,rust-mpi,rust-mpi__911315.out,gASVTAAAAAAAAAB9lCiMBGFyZ3OUjAsyMDAgMjAwIDIwMJSMDXNiYXRjaF9jb25maWeUfZQojAVub2Rlc5RLAowPbnRhc2tzLXBlci1ub2RllEsCdXUu
911316,0,rust-mpi,rust-mpi__911316.out,gASVTAAAAAAAAAB9lCiMBGFyZ3OUjAsyMDAgMjAwIDIwMJSMDXNiYXRjaF9jb25maWeUfZQojAVub2Rlc5RLBIwPbnRhc2tzLXBlci1ub2RllEsCdXUu
911317,1,rust-mpi,rust-mpi__911317.out,gASVTAAAAAAAAAB9lCiMBGFyZ3OUjAsyMDAgMjAwIDIwMJSMDXNiYXRjaF9jb25maWeUfZQojAVub2Rlc5RLBIwPbnRhc2tzLXBlci1ub2RllEsCdXUu
911318,2,rust-mpi,rust-mpi__911318.out,gASVTAAAAAAAAAB9lCiMBGFyZ3OUjAsyMDAgMjAwIDIwMJSMDXNiYXRjaF9jb25maWeUfZQojAVub2Rlc5RLBIwPbnRhc2tzLXBlci1ub2RllEsCdXUu
911319,3,rust-mpi,rust-mpi__911319.out,gASVTAAAAAAAAAB9lCiMBGFyZ3OUjAsyMDAgMjAwIDIwMJSMDXNiYXRjaF9jb25maWeUfZQojAVub2Rlc5RLBIwPbnRhc2tzLXBlci1ub2RllEsCdXUu
911320,4,rust-mpi,rust-mpi__911320.out,gASVTAAAAAAAAAB9lCiMBGFyZ3OUjAsyMDAgMjAwIDIwMJSMDXNiYXRjaF9jb25maWeUfZQojAVub2Rlc5RLBIwPbnRhc2tzLXBlci1ub2RllEsCdXUu
911321,0,rust-mpi,rust-mpi__911321.out,gASVTAAAAAAAAAB9lCiMBGFyZ3OUjAsyNTAgMjUwIDI1MJSMDXNiYXRjaF9jb25maWeUfZQojAVub2Rlc5RLAYwPbnRhc2tzLXBlci1ub2RllEsCdXUu
911322,1,rust-mpi,rust-mpi__911322.out,gASVTAAAAAAAAAB9lCiMBGFyZ3OUjAsyNTAgMjUwIDI1MJSMDXNiYXRjaF9jb25maWeUfZQojAVub2Rlc5RLAYwPbnRhc2tzLXBlci1ub2RllEsCdXUu
911323,2,rust-mpi,rust-mpi__911323.out,gASVTAAAAAAAAAB9lCiMBGFyZ3OUjAsyNTAgMjUwIDI1MJSMDXNiYXRjaF9jb25maWeUfZQojAVub2Rlc5RLAYwPbnRhc2tzLXBlci1ub2RllEsCdXUu
911324,3,rust-mpi,rust-mpi__911324.out,gASVTAAAAAAAAAB9lCiMBGFyZ3OUjAsyNTAgMjUwIDI1MJSMDXNiYXRjaF9jb25maWeUfZQojAVub2Rlc5RLAYwPbnRhc2tzLXBlci1ub2RllEsCdXUu
911325,4,rust-mpi,rust-mpi__911325.out,gASVTAAAAAAAAAB9lCiMBGFyZ3OUjAsyNTAgMjUwIDI1MJSMDXNiYXRjaF9jb25maWeUfZQojAVub2Rlc5RLAYwPbnRhc2tzLXBlci1ub2RllEsCdXUu
911326,0,rust-mpi,rust-mpi__911326.out,gASVTAAAAAAAAAB9lCiMBGFyZ3OUjAsyNTAgMjUwIDI1MJSMDXNiYXRjaF9jb25maWeUfZQojAVub2Rlc5RLAowPbnRhc2tzLXBlci1ub2RllEsCdXUu
911327,1,rust-mpi,rust-mpi__911327.out,gASVTAAAAAAAAAB9lCiMBGFyZ3OUjAsyNTAgMjUwIDI1MJSMDXNiYXRjaF9jb25maWeUfZQojAVub2Rlc5RLAowPbnRhc2tzLXBlci1ub2RllEsCdXUu
911328,2,rust-mpi,rust-mpi__911328.out,gASVTAAAAAAAAAB9lCiMBGFyZ3OUjAsyNTAgMjUwIDI1MJSMDXNiYXRjaF9jb25maWeUfZQojAVub2Rlc5RLAowPbnRhc2tzLXBlci1ub2RllEsCdXUu
911329,3,rust-mpi,rust-mpi__911329.out,gASVTAAAAAAAAAB9lCiMBGFyZ3OUjAsyNTAgMjUwIDI1MJSMDXNiYXRjaF9jb25maWeUfZQojAVub2Rlc5RLAowPbnRhc2tzLXBlci1ub2RllEsCdXUu
911330,4,rust-mpi,rust-mpi__911330.out,gASVTAAAAAAAAAB9lCiMBGFyZ3OUjAsyNTAgMjUwIDI1MJSMDXNiYXRjaF9jb25maWeUfZQojAVub2Rlc5RLAowPbnRhc2tzLXBlci1ub2RllEsCdXUu
911331,0,rust-mpi,rust-mpi__911331.out,gASVTAAAAAAAAAB9lCiMBGFyZ3OUjAsyNTAgMjUwIDI1MJSMDXNiYXRjaF9jb25maWeUfZQojAVub2Rlc5RLBIwPbnRhc2tzLXBlci1ub2RllEsCdXUu
911332,1,rust-mpi,rust-mpi__911332.out,gASVTAAAAAAAAAB9lCiMBGFyZ3OUjAsyNTAgMjUwIDI1MJSMDXNiYXRjaF9jb25maWeUfZQojAVub2Rlc5RLBIwPbnRhc2tzLXBlci1ub2RllEsCdXUu
911333,2,rust-mpi,rust-mpi__911333.out,gASVTAAAAAAAAAB9lCiMBGFyZ3OUjAsyNTAgMjUwIDI1MJSMDXNiYXRjaF9jb25maWeUfZQojAVub2Rlc5RLBIwPbnRhc2tzLXBlci1ub2RllEsCdXUu
911334,3,rust-mpi,rust-mpi__911334.out,gASVTAAAAAAAAAB9lCiMBGFyZ3OUjAsyNTAgMjUwIDI1MJSMDXNiYXRjaF9jb25maWeUfZQojAVub2Rlc5RLBIwPbnRhc2tzLXBlci1ub2RllEsCdXUu
911335,4,rust-mpi,rust-mpi__911335.out,gASVTAAAAAAAAAB9lCiMBGFyZ3OUjAsyNTAgMjUwIDI1MJSMDXNiYXRjaF9jb25maWeUfZQojAVub2Rlc5RLBIwPbnRhc2tzLXBlci1ub2RllEsCdXUu
